{"cameraMode":{"drawMode":0,"name":"Shaded","section":"Shading Mode"},"sceneLighting":false,"audioPlay":false,"sceneViewState":{"showFog":true,"showMaterialUpdate":false,"showSkybox":true,"showFlares":true,"showImageEffects":true,"showParticleSystems":true},"in2DMode":false,"pivot":{"x":1.3700000047683716,"y":0.6000000238418579,"z":12.859999656677246},"rotation":{"x":0.14411570131778718,"y":0.1254555583000183,"z":-0.018581325188279153,"w":0.9815172553062439},"size":2.9426136016845705,"orthographic":false}